'SNR'; 'BER' 
-3.11566,0.27721
